{"cameraMode":{"drawMode":0,"name":"Shaded","section":"Shading Mode"},"sceneLighting":false,"audioPlay":false,"sceneViewState":{"m_AlwaysRefresh":false,"showFog":true,"showSkybox":false,"showFlares":true,"showImageEffects":true,"showParticleSystems":true,"showVisualEffectGraphs":true,"m_FxEnabled":true},"in2DMode":false,"pivot":{"x":0.00014930963516235352,"y":0.8989968299865723,"z":-0.07655852288007736},"rotation":{"x":0.0013367361389100552,"y":-0.9955896139144898,"z":0.09285767376422882,"w":0.014334740117192269},"size":1.362876296043396,"orthographic":false}